Model,CV_Mean_Accuracy,CV_Std
Random Forest,1.0,0.0
Extra Trees,1.0,0.0
Gradient Boosting,0.991,0.0073484692283495405
Decision Tree,0.982,0.01363818169698587
KNN,0.95,0.0212132034355964
Logistic Regression,0.9460000000000001,0.02154065922853799
SVM,0.915,0.01581138830084191
