Train_Size,Train_Accuracy_Mean,Train_Accuracy_Std,Validation_Accuracy_Mean,Validation_Accuracy_Std
80,1.0,0.0,0.44699999999999995,0.04342810150121694
260,1.0,0.0,0.45499999999999996,0.01264911064067351
440,1.0,0.0,0.841,0.02922327839240491
620,1.0,0.0,0.9199999999999999,0.019748417658131484
800,1.0,0.0,1.0,0.0
