Model,Accuracy,Precision,Recall,F1_Score,ROC_AUC
Extra Trees,1.0,1.0,1.0,1.0,1.0
Random Forest,0.995,0.9952380952380951,0.995,0.9949747687132043,1.0
Gradient Boosting,0.995,0.9952380952380951,0.995,0.9949747687132043,0.9998378378378378
Decision Tree,0.985,0.9856163847117793,0.985,0.9847762067765967,0.9905195195195193
KNN,0.955,0.96,0.955,0.9538888888888889,0.9952636347886349
Logistic Regression,0.93,0.9368052306916163,0.93,0.9227952602308601,0.9985895703395703
SVM,0.92,0.9051522435897436,0.92,0.9040407820283407,1.0
